{"vanilla": {"loss_history": [2.343918959299723, 2.342437744140625, 2.3412994543711343, 2.339919646581014, 2.3384084701538086, 2.3371691703796387, 2.3360729217529297, 2.33486008644104, 2.333852211634318, 2.332322041193644], "final_gradients": [1.2739717059062627e-09, 4.3018477668965716e-09, 2.525112030582477e-08, 2.5449935492360964e-07, 1.3599842532130424e-06, 7.944494427647442e-06, 6.150153785711154e-05, 0.0005089221522212029, 0.003730267519131303, 0.02590416744351387], "layer_names": ["layers.0.weight", "layers.1.weight", "layers.2.weight", "layers.3.weight", "layers.4.weight", "layers.5.weight", "layers.6.weight", "layers.7.weight", "layers.8.weight", "layers.9.weight"], "heatmap_data": {"data": [[1.067147925581935e-09, 1.3770948825708729e-09, 1.0833023367240457e-09, 1.2696340645490523e-09, 1.1622754980677996e-09, 1.080804779007849e-09, 1.2389351766728396e-09, 1.2418576167405604e-09, 1.0612212220095785e-09, 1.2739717059062627e-09], [2.5412856263784533e-09, 1.234339963573916e-09, 2.1421286966472053e-09, 2.6881394887823262e-09, 1.2319940623228831e-09, 2.18119633466074e-09, 4.134921738341291e-09, 3.0244340365470634e-09, 6.915749306557473e-09, 4.3018477668965716e-09], [1.509334701665921e-08, 7.949193303602442e-09, 1.2007393301871616e-08, 1.4845715767819456e-08, 5.307027706180634e-09, 1.3476224580699636e-08, 3.0920226379294036e-08, 1.728817800028537e-08, 4.166368938740561e-08, 2.525112030582477e-08], [1.8270421264787728e-07, 7.028932458297277e-08, 1.2551396366689005e-07, 1.8597270923237375e-07, 5.0401759210672026e-08, 1.2070201194092078e-07, 2.674088364074123e-07, 1.968841303323643e-07, 3.8961985637797625e-07, 2.5449935492360964e-07], [1.8719990748650162e-06, 4.841925829168758e-07, 1.0401508916402236e-06, 2.0066827346454374e-06, 5.062704531155759e-07, 6.825371769991762e-07, 1.618475153009058e-06, 1.8391552885077544e-06, 2.655587422850658e-06, 1.3599842532130424e-06], [1.0485842722118832e-05, 3.0633586902695242e-06, 5.941269137110794e-06, 9.927253813657444e-06, 3.1482093163504032e-06, 3.846563231491018e-06, 7.891006134741474e-06, 9.732365469972137e-06, 1.4279388778959401e-05, 7.944494427647442e-06], [6.158793985377997e-05, 4.04421407438349e-05, 5.7548226322978735e-05, 6.108741945354268e-05, 5.124639210407622e-05, 3.5122677218168974e-05, 8.334526501130313e-05, 5.12377118866425e-05, 0.00010265316086588427, 6.150153785711154e-05], [0.0004429985419847071, 0.00040923303458839655, 0.0006955187418498099, 0.0005164030008018017, 0.0006167739047668874, 0.0003491758252494037, 0.0008472485933452845, 0.00044853505096398294, 0.001020177616737783, 0.0005089221522212029], [0.003756634658202529, 0.0024397377856075764, 0.003961465787142515, 0.002642341423779726, 0.0028021051548421383, 0.002086878987029195, 0.003977300599217415, 0.002221029484644532, 0.005509678740054369, 0.003730267519131303], [0.022236326709389687, 0.01501281838864088, 0.03172070533037186, 0.021002724766731262, 0.019478004425764084, 0.013314185664057732, 0.02366141602396965, 0.01952720433473587, 0.03994222357869148, 0.02590416744351387]], "epochs": [0, 1, 2, 3, 4, 5, 6, 7, 8, 9], "layer_names": ["layers.0.weight", "layers.1.weight", "layers.2.weight", "layers.3.weight", "layers.4.weight", "layers.5.weight", "layers.6.weight", "layers.7.weight", "layers.8.weight", "layers.9.weight"]}, "model_file": "vanilla.onnx", "wandb_run": "cache/wandb_runs/wandb/run-20251130_073214-y8fgy8sa/files", "wandb_run_name": "layers_10_epochs_10_lr_0.01_hidden_8/vanilla", "wandb_url": "https://wandb.ai/vinayh/VanishingGradient/runs/y8fgy8sa"}, "relu": {"loss_history": [2.35103448232015, 2.3500378926595054, 2.3492282231648765, 2.348278601964315, 2.3472953637441, 2.346429983774821, 2.3456505139668784, 2.344831943511963, 2.3440717856089273, 2.3430941104888916], "final_gradients": [1.1625691513472702e-05, 1.3439272152027115e-05, 9.221153959515505e-06, 1.1563241059775464e-05, 5.364654498407617e-05, 0.00019068912661168724, 0.0004943807143718004, 0.0022042689379304647, 0.00318433647044003, 0.0071911923587322235], "layer_names": ["layers.0.weight", "layers.1.weight", "layers.2.weight", "layers.3.weight", "layers.4.weight", "layers.5.weight", "layers.6.weight", "layers.7.weight", "layers.8.weight", "layers.9.weight"], "heatmap_data": {"data": [[1.113431790145114e-05, 1.1525364243425429e-05, 9.016230251290835e-06, 1.2820070878660772e-05, 1.251463527296437e-05, 1.0988915164489299e-05, 9.139439498540014e-06, 1.3916221178078558e-05, 1.0461617421242408e-05, 1.1625691513472702e-05], [6.354009201459121e-06, 7.918726623756811e-06, 4.752501808980014e-06, 7.0171117840800434e-06, 7.588695552840363e-06, 6.82101972415694e-06, 7.760707376291975e-06, 7.775905032758601e-06, 8.042841727728955e-06, 1.3439272152027115e-05], [7.923696102807298e-06, 3.97222629544558e-06, 3.0526043701684102e-06, 5.408813194662798e-06, 3.500119873933727e-06, 4.179200004728045e-06, 4.0603413253847975e-06, 6.8440253926382866e-06, 9.364110155729577e-06, 9.221153959515505e-06], [1.3742585906584281e-05, 5.713610335078556e-06, 7.55448263589642e-06, 6.188556199049344e-06, 8.068916031334084e-06, 4.91625132781337e-06, 5.4045945034886245e-06, 8.86053021531552e-06, 1.628428253752645e-05, 1.1563241059775464e-05], [4.7988341975724325e-05, 1.834325485106092e-05, 4.8896370572037995e-05, 2.428207517368719e-05, 4.256213651387952e-05, 1.7481472241343e-05, 1.6635602150927298e-05, 2.0882065655314364e-05, 6.031803786754608e-05, 5.364654498407617e-05], [0.00018071942031383514, 6.043114262865856e-05, 0.0002125064784195274, 8.623022586107254e-05, 0.00016966737166512758, 6.39029240119271e-05, 5.465339927468449e-05, 6.49377834633924e-05, 0.0002327713300473988, 0.00019068912661168724], [0.00038022216176614165, 0.00014244616613723338, 0.0004564523696899414, 0.00022874472779221833, 0.00039066094905138016, 0.00013580993982031941, 0.00010228649625787511, 0.00018116619321517646, 0.0005207994254305959, 0.0004943807143718004], [0.0019380520097911358, 0.000559584645088762, 0.002492366125807166, 0.0010191801702603698, 0.0022245689760893583, 0.0007298884447664022, 0.0008238948648795485, 0.0008074549259617925, 0.0024381428956985474, 0.0022042689379304647], [0.002041964791715145, 0.0009482693858444691, 0.003118228167295456, 0.0008909635944291949, 0.0027068438939750195, 0.0008936683880165219, 0.0009731714380905032, 0.0007060208590701222, 0.002522877650335431, 0.00318433647044003], [0.005871991626918316, 0.00427486514672637, 0.008820319548249245, 0.005788777954876423, 0.005133672151714563, 0.0034854095429182053, 0.005666174925863743, 0.0058262222446501255, 0.010652214288711548, 0.0071911923587322235]], "epochs": [0, 1, 2, 3, 4, 5, 6, 7, 8, 9], "layer_names": ["layers.0.weight", "layers.1.weight", "layers.2.weight", "layers.3.weight", "layers.4.weight", "layers.5.weight", "layers.6.weight", "layers.7.weight", "layers.8.weight", "layers.9.weight"]}, "model_file": "relu.onnx", "wandb_run": "cache/wandb_runs/wandb/run-20251130_073231-cvgbg4an/files", "wandb_run_name": "layers_10_epochs_10_lr_0.01_hidden_8/relu", "wandb_url": "https://wandb.ai/vinayh/VanishingGradient/runs/cvgbg4an"}, "batchnorm": {"loss_history": [2.3900185426076255, 2.3022145430246987, 2.3141721884409585, 2.2995375792185464, 2.32594362894694, 2.3103214104970298, 2.29388157526652, 2.276425838470459, 2.2767175833384194, 2.306677500406901], "final_gradients": [0.016146892681717873, 0.0505823977291584, 0.07373014092445374, 0.04200316593050957, 0.052214741706848145, 0.05012398213148117, 0.040404245257377625, 0.028574209660291672, 0.033090829849243164, 0.028557932004332542], "layer_names": ["layers.0.weight", "layers.1.weight", "layers.2.weight", "layers.3.weight", "layers.4.weight", "layers.5.weight", "layers.6.weight", "layers.7.weight", "layers.8.weight", "layers.9.weight"],